,deltah,Sh,H0
0,0.003171087337679,0.00018790450680097287,302.4299097427552
