,deltah,Sh,H0
0,0.005155012871442421,7.289120996005547,362.9926014025334
