,deltah,Sh,H0
0,0.06553635604516256,34.7340302071018,348.05379278906736
