,deltah,Sh,H0
0,0.014059778568498887,12.161218136274552,62.870338603021175
