,deltah,Sh,H0
0,4.575281053505199e-05,7.044905959896572,361.7253808475085
