,deltah,Sh,H0
0,0.06745328793665199,31.9208193350004,360.92463952178093
