,deltah,Sh,H0
0,0.024059442840839784,17.9843915076018,348.67618231293244
