,deltah,Sh,H0
0,0.014059779,12.16121814,62.8703386