,deltah,Sh,H0
0,0.004072230628126789,10.307131955188257,60.50564542593025
