,deltah,Sh,H0
0,0.024059443,17.98439151,40