,deltah,Sh,H0
0,0.0054774630785556395,12.066392208084848,55.70397659438933
