,deltah,Sh,H0
0,0.0014663686797033138,5.304503495510733,370.31612957898386
