,deltah,Sh,H0
0,0.015073537296535705,14.424118716077716,364.1912818730892
