,deltah,Sh,H0
0,0.00013674310533657634,6.156768314675493,369.2978114621003
