,deltah,Sh,H0
0,0.059673625862298275,15.970405497150706,66.24482382127681
