,deltah,Sh,H0
0,0.019193089295992092,14.00665359427923,374.25207903608987
