,deltah,Sh,H0
0,0.0025061291425768103,12.13271771980589,65.73837237945546
