,deltah,Sh,H0
0,0.00037326258997876936,7.605182615447395,55.99661802014998
