,deltah,Sh,H0
0,2.8141348277516267e-06,11.541647070626297,61.69014567666719
