,deltah,Sh,H0
0,0.0016755778912250626,7.630093741106143,65.22486835420452
