,deltah,Sh,H0
0,0.0005343465113756194,9.760760844465947,352.73352282239904
