,deltah,Sh,H0
0,6.605427765674745e-05,4.746916005815444,360.0904874738573
