,deltah,Sh,H0
0,0.0011718211118659121,0.0005855775738285931,393.4018256435335
