,deltah,Sh,H0
0,1.1213737824112673e-06,9.763560101073782,63.16613399405881
