,deltah,Sh,H0
0,0.001976615792460559,1.6073392468919916e-13,390.10630082286224
