,deltah,Sh,H0
0,4.598551806834753e-05,10.177052572108822,62.9538836434931
