,deltah,Sh,H0
0,0.0365053884954401,2.0456644340458723e-11,325.00271166459913
