,deltah,Sh,H0
0,0.022440932594462372,14.843751312451234,59.04606836261595
