,deltah,Sh,H0
0,0.02337758,12.6753828,66.55520396