,deltah,Sh,H0
0,0.00122373,11.7068538,364.7550749