,deltah,Sh,H0
0,0.004606403549073656,10.877468022055789,61.01468893734563
