,deltah,Sh,H0
0,0.0013736764940822865,11.974904355464092,66.02652361356175
