,deltah,Sh,H0
0,0.02895422089979296,16.607483309119402,365.540321949443
