,deltah,Sh,H0
0,0.00040680856120590877,4.801647430513886,375.8457267236704
