,deltah,Sh,H0
0,0.3959078590144731,47.2312799332857,43.982720578266104
