,deltah,Sh,H0
0,0.001223727814586234,11.706853838712293,66.02315857512815
