,deltah,Sh,H0
0,0.00037629423374303014,5.905794716258509,372.0341494168747
