,deltah,Sh,H0
0,0.001615924974431874,5.395658279647,377.3404157451825
