,deltah,Sh,H0
0,0.05617693232481802,15.72112582469366,71.68704237194757
