,k1,k2,dp,D0,N0
0,9.71942578775565e-07,0.6201935621933464,0.2505676743355357,2200.5381457080252,693957.1383839156
