,k1,k2,kdam,phi,Sh,kdams,phis,P0,N0,H0,S0
0,2e-06,0.6,0.008953476285107072,2.3309133576876557e-16,0.06062822698551212,0.02941317558170213,9.591528408999162e-06,193872.03472299865,20000000.0,148.3658472935628,305203.26238189946
