,k1,k2,kdam,phi,Sh,P0,N0,H0
0,7943.640858987316,0.4156840437790887,0.00044028090661390974,1.8985409024510456e-07,0.22409033859917693,32.90103056252254,75915382.67344719,28.759114121727272
