,k1,k2,kdam,phi,Sh,P0,N0,H0
0,1.40E+03,0.4,0.003221169,2.82E-07,6.804360014,14518.83452,20000000,60.2493256