,k1,k2,kdam,phi,Sh,P0,N0,H0
0,1391.4626604692464,0.29799459217720387,0.007060166528094672,2.2696703708426985e-07,7.786830990459352,6162.2355656880645,31512369.15693283,54.06771720093281
