,k1,k2,kdam,phi,Sh,P0,N0,H0
0,40407.74374963767,0.4464979468296197,1.1675490100480718e-10,5.0843785823441766e-11,3.397927096922483e-08,36.746372930609255,5733446818.655142,3.313299316283901e-06
