,k1,k2,kdam,phi,Sh,P0,N0,H0
0,5600.7771796937095,0.32974999342864497,0.001100873095531806,1.350651424293749e-07,0.4179711002778457,64.422551583522,63281902.31202329,53.86702578461124
