,k1,k2,kdam,phi,Sh,P0,N0,H0
0,3830.226021568855,0.1608437624769878,0.00036637829658063206,2.994707495782775e-08,0.27522721789815674,324.6694980615059,18120051.993006397,71.60751932294849
