,k1,k2,kdam,phi,Sh,P0,N0,H0
0,5837.954528587316,0.11246121640420804,2.2410174079077474e-06,2.8777184416339265e-09,0.0009254687825663768,119.15821790225559,134579366.86896247,0.014836877367032356
