,k1,k2,kdam,phi,Sh,P0,N0,H0
0,152165.4956457739,0.0983393050193466,5.201913778273382e-05,4.464691103272966e-09,0.0022932790804236405,466.35687064911576,60248327.613632664,0.6049930064777331
