,k1,k2,kdam,phi,Sh,P0,N0,H0
0,9263.179670894755,0.6207568749682827,0.0035907724883315626,4.607679967770502e-07,0.9024906601312118,351.888308465736,48063019.77119234,58.94610739467333
