,deltah,Sh,H0
0,0.18171319677391182,651.3815574253733,42.824155201551214
