,k1,k2,kdam,phi,Sh,P0,N0,H0
0,2846.9330252388454,0.2987305722802293,0.000558872426381895,6.680287161174903e-08,0.2269414369477177,57.206671413770394,18063278.827540096,28.330437918259094
