,k1,k2,kdam,phi,Sh,D0,N0,H0
0,2e-06,0.5,7.670061073823654e-11,6.077917323571618e-06,0.14721947717565778,1078710.2454697732,20000000.0,212.9657999973817
