,k1,k2,kdam,phi,Sh,D0,N0,H0
0,0.2,1.7,2.5696061788266908e-14,9.991015939431893e-06,0.04214831300341351,1074226.3101290134,20000000.0,703.4786554720873
