,k1,k2,kdam,phi,Sh,D0,N0,H0
0,2e-06,3.8621412738411864,4.0014142001017863e-17,1.684096881907083e-05,0.0017784152296154345,61507.20353090412,20000000.0,791.0205368656555
