,k1,k2,kdam,phi,Sh,D0,N0,H0
0,2e-05,0.4816173880120964,4.4804290423478994e-05,6.251482542697172e-07,3.213066093233829e-06,47889.33897034885,20000000.0,93.89160279675005
