,k1,k2,kdam,phi,Sh,D0,N0,H0
0,2e-06,0.6548037369747876,1.8776031374874507e-12,6.062598883576591e-06,1.3991082069369472,1182436.2243706507,20000000.0,224.48340614014276
