,k1,k2,kdam,phi,Sh,D0,N0,H0
0,2e-05,0.4439397834505803,3.896153153776312e-05,9.622652715650896e-07,0.0003811243085850147,48344.74473209669,20000000.0,318.4771924734054
