,k1,k2,kdam,phi,Sh,kdams,phis,P0,N0,H0,D0
0,2e-06,0.6,0.0026385904665222237,1.2796784446490937e-16,0.023003459220751934,0.00013184172958578686,5.530354835644777e-07,1419140.2629839766,20000000.0,292.48338438813465,64933.655617493714
