,k1,k2,kdam,phi,Sh,D0,N0,H0
0,2e-05,0.4406150007992302,0.00013302062455048657,5.944173220958606e-07,206113.59507131804,60627.87253528563,20000000.0,103.64958015999136
