,k1,k2,kdam,phi,Sh,D0,N0,H0
0,2e-05,0.6,0.002392806478239467,1.1309585256179275e-06,142057001.7249594,51863.835940648285,20000000.0,280.2275691255099
