,k1,k2,kdam,phi,Sh,D0,N0,H0
0,2e-05,0.6,0.0005508560784439122,1.1915831756380723e-06,143203929.29394767,59712.51312534064,20000000.0,323.9497879591489
