,k1,k2,kdam,phi,Sh,D0,N0,H0
0,0.2,4.329994923900432,3.873610355899106e-14,1.3372415025287601e-05,20048.477725401437,43168.12304829001,20000000.0,336.24749627275304
