,k1,k2,kdam,phi,Sh,D0,N0,H0
0,0.2,4.382849108869039,8.333177818298611e-15,1.3012513887178638e-05,6185.458000986971,44465.56600777258,20000000.0,365.59553047464044
