,k1,k2,kdam,phi,Sh,D0,N0,H0
0,2e-05,0.6,0.0006893157751098118,1.2215205204676854e-06,8.387648741060224e+16,74468.93015982788,20000000.0,345.340505446879
