,k1,k2,kdam,phi,Sh,D0,N0,H0
0,2e-05,0.5509988702551875,3.96245621262822e-05,5.809505473025569e-07,21712228031681.46,53945.80399672248,20000000.0,86.83320605289309
