,k1,k2,kdam,phi,Sh,kdams,phis,P0,N0,H0,D0
0,2e-06,0.6,0.004187441364801794,5.313226839312871e-16,0.05106676060766059,0.002160598333929345,4.2120818032761933e-07,1647597.9277420274,20000000.0,336.0046442041091,54847.46628343362
