,k1,k2,kdam,phi,Sh,D0,N0,H0
0,2e-05,0.1809923941932423,9.451157987360212e-08,1.737573856006734e-06,2.6243046569470695e+29,56959.26477126275,20000000.0,329.7464996108951
