,k1,k2,kdam,phi,Sh,D0,N0,H0
0,10000.0,0.5538699769216171,0.00019833295518596026,9.218060880282877e-07,422977.67568972806,69377.73309407973,20000000.0,296.75016371899306
