,k1,k2,kdam,phi,Sh,D0,N0,H0
0,2e-06,2.3594325918870362,1.83561059061033e-15,1.0221474691102414e-05,0.03013851559668737,949770.7628773017,20000000.0,668.6949994363588
