,k1,k2,kdam,phi,Sh,D0,N0,H0
0,2e-05,0.6,2.0572123428111945e-05,9.850724084980613e-07,0.00032794218495256727,43297.00343406802,20000000.0,325.9130315183578
