,k1,k2,kdam,phi,Sh,D0,N0,H0
0,2e-06,7.999731578,1.2780450621168229e-06,1.5667299407227036e-05,9.286423087907324e+30,106818.28938057408,20000000.0,228.6741138600318
