,k1,k2,kdam,phi,Sh,D0,N0,H0
0,10000.0,0.5238410619606645,5.671742474907257e-05,1.083091811248301e-06,0.0017119064275955887,64025.452341698365,20000000.0,322.6367875221518
