,k1,k2,kdam,phi,Sh,D0,N0,H0
0,2e-06,0.5,5.387754799975719e-10,9.931532943216587e-06,0.053917337382722946,1196549.4189559435,20000000.0,680.9400644918098
