,k1,k2,kdam,phi,Sh,D0,N0,H0
0,2e-06,7.999731578,2.6738215651057477e-07,8.531895684363644e-06,1.0742364380521321e+36,143864.9520022365,20000000.0,77.70782558520192
