,k1,k2,kdam,phi,Sh,D0,N0,H0
0,2e-05,0.4816173880120964,0.00018071025734230396,1.0433905218040065e-06,5.565183375576248e-06,61878.620208374334,20000000.0,336.66020626459215
