,k1,k2,kdam,phi,Sh,D0,N0,H0
0,2e-06,0.5,1.4276378332332545e-07,2.844293964659942e-07,0.03699895223648613,240063.89084526466,20000000.0,174.50913437857034
