,k1,k2,kdam,phi,Sh,kdams,phis,P0,N0,H0,D0
0,2e-06,0.6,0.0023529941499845254,7.342511155608811e-17,0.012209732902670497,2.1932837836111032e-05,5.170934153651883e-07,1138957.6785225456,20000000.0,310.60249899161676,76904.30181464316
