,k1,k2,kdam,phi,Sh,D0,N0,H0
0,2e-06,4.652820084239868,7.211700656856047e-15,8.030753841709195e-06,835199.9085281133,54393.12316753696,20000000.0,85.99458126106207
