,k1,k2,kdam,phi,Sh,D0,N0,H0
0,2e-06,4.8317746946784865,5.323145740523907e-13,1.4140887999179079e-05,1036.463159353229,43692.15247026563,20000000.0,357.21751282352596
