,k1,k2,kdam,phi,Sh,D0,N0,H0
0,2e-05,0.5387407609923681,6.15720452559604e-06,8.599574740388578e-07,723809303.3954811,59945.78536969996,20000000.0,292.4234071267218
