,k1,k2,kdam,phi,Sh,D0,N0,H0
0,10000.0,0.5543792922232149,4.8382544072067345e-05,6.582477904127034e-07,6.156183118427707e-06,66700.40788770474,20000000.0,287.61910105792447
