,k1,k2,kdam,phi,Sh,D0,N0,H0
0,2e-06,0.6,0.0027210142631989742,1.5628538427238156e-13,0.0190056033982125,863345.2579867354,20000000.0,147.8908908041527
