,k1,k2,kdam,phi,Sh,D0,N0,H0
0,0.2,4.329994923900432,1.9160015427921867e-15,1.6897274316248743e-05,0.10258613889093048,48341.75165700492,20000000.0,759.6876621519671
