,k1,k2,kdam,phi,Sh,D0,N0,H0
0,2e-05,0.5445156124378671,9.100301855027129e-05,2.1957184264919708e-07,4873940229.376496,88728.49867586135,20000000.0,66.41601477948086
