,k1,k2,kdam,phi,Sh,D0,N0,H0
0,2e-05,0.6,9.322488022567279e-05,7.181046733932895e-07,2.739501527186176,57972.58195376837,20000000.0,311.0354133420498
