,k1,k2,kdam,phi,Sh,D0,N0,H0
0,2e-05,0.6,0.00013855385721541215,9.577201063389259e-07,2.2458607565718602,51445.0333698521,20000000.0,337.54584409995647
