,k1,k2,kdam,phi,Sh,D0,N0,H0
0,2e-05,0.6,1.673502555357155e-05,6.331454039057232e-07,0.0004947710929638957,73514.85599135562,20000000.0,347.3852840517807
