,k1,k2,kdam,phi,Sh,D0,N0,H0
0,2e-05,0.1809923941932423,1.3760093563029325e-07,7.673624919272398e-07,1.5690777394874755e+20,20273.164548674464,20000000.0,58.00106514500242
