,k1,k2,kdam,phi,Sh,D0,N0,H0
0,2e-05,0.5445156124378671,3.546229857500765e-08,5.528773577172549e-07,0.40261710925933575,103929.5786085207,20000000.0,340.39753579917857
