,k1,k2,kdam,phi,Sh,kdams,phis,P0,N0,H0,D0
0,2e-06,0.6,0.002480026289292352,5.306403061551377e-18,8.63458617375509e-05,2.2820326142445196e-08,7.246560123400875e-07,1326844.0718794968,20000000.0,330.4875300313948,43651.87136606255
