,k1,k2,kdam,phi,Sh,D0,N0,H0
0,2e-06,1.7700823311671179,9.135545735616683e-15,7.166202456659373e-06,9529.751108373941,931759.3721111552,20000000.0,223.60727602054678
