,k1,k2,kdam,phi,Sh,D0,N0,H0
0,2e-05,0.6,0.00048162151503877986,1.0415358549926465e-06,9.68411545441036e+16,56444.56651749074,20000000.0,286.9055154880061
