,k1,k2,kdam,phi,Sh,D0,N0,H0
0,2e-05,0.5509988702551875,0.00013020174256229438,9.615806107915879e-07,313964966891346.94,68836.58402565481,20000000.0,341.1170353425802
