,k1,k2,kdam,phi,Sh,D0,N0,H0
0,2e-05,0.5387407609923681,9.821648247165927e-06,2.4059505068833914e-08,1891203957.8488657,71221.01544560339,20000000.0,66.16050249606593
