,k1,k2,kdam,phi,Sh,D0,N0,H0
0,2e-06,2.980788277122633,2.081184916957097e-11,9.914177050006197e-06,0.06845730068408085,990301.724261217,20000000.0,745.6992776641791
