,k1,k2,kdam,phi,Sh,D0,N0,H0
0,2e-06,0.5,5.984522849672232e-10,3.741264228721955e-07,0.0425493284684207,261351.7080886315,20000000.0,454.691131580719
