,k1,k2,kdam,phi,Sh,D0,N0,H0
0,2e-05,0.5947736546958377,1.0490851598847787e-05,6.328443228374514e-07,1.186823471885048e-05,59863.483589670985,20000000.0,106.49285677455825
