,k1,k2,kdam,phi,Sh,D0,N0,H0
0,2e-05,0.4406150007992302,0.000410819058692995,1.0811358857702674e-06,513721.30566633225,62341.964486018005,20000000.0,306.07762102497065
