,k1,k2,kdam,phi,Sh,D0,N0,H0
0,0.2,1.7,5.0165932751144995e-14,6.222971046816817e-06,5557.017461880046,975085.5676778493,20000000.0,209.66088899256562
