,k1,k2,kdam,phi,Sh,D0,N0,H0
0,10000.0,0.4908991114646547,0.00010033788757513242,9.183109112621822e-07,81069240189279.97,68264.80747431492,20000000.0,325.18296762930055
