,k1,k2,kdam,phi,Sh,D0,N0,H0
0,2e-05,0.4893025085937968,1.2047045977191932e-06,8.777206110022453e-07,5.637791351419773e+31,67040.30807014194,20000000.0,319.2740815606165
