,k1,k2,kdam,phi,Sh,D0,N0,H0
0,2e-06,7.999731578,0.0005952414295098628,1.931801258756975e-05,305948180583133.4,106071.7458565727,20000000.0,462.3298063854345
