,k1,k2,kdam,phi,Sh,D0,N0,H0
0,2.00E-05,0.6,0.00132394,1.71E-06,1.57693E+11,4,20000000,20