,deltah,Sh,H0
0,0.001619649539202604,0.46396645637143324,32.557055379699925
