,deltah,Sh,H0
0,0.006805143809939409,2.0355266228601747e-14,1520.4593476877005
