,deltah,Sh,H0
0,0.00011449563239936468,0.6034079996505763,1.1948281623648509e-05
