,deltah,Sh,H0
0,0.0013542837512051425,5.535686980834321e-10,1366.4778976947698
