,k1,k2,kdam,phi,Sh,S0,N0,H0
0,2e-05,0.6,0.0013239399268098315,1.7105689133640784e-06,157693468228.78387,85820.5977119029,20000000.0,381.2216456443187
