,k1,k2,kdam,phi,Sh,S0,N0,H0
0,2e-05,0.6,2.2279291105443568e-05,2.505002221361865e-06,851548560.5758926,39995.10874603925,200000.0,451.5325871908077
