,k1,k2,kdam,phi,Sh,P0,N0,H0
0,2e-06,0.6,0.003167162145565003,1.4895546324582703e-10,58.14999484392068,138594.159322196,20000000.0,327.2419954914942
