,k1,k2,kdam,phi,Sh,P0,N0,H0
0,2e-06,0.6,0.0032211692132292575,2.824270734079481e-12,304.8043600141009,145186.8345225979,20000000.0,318.24932560434
