,k1,k2,kdam,phi,Sh,P0,N0,H0
0,2e-06,0.6,0.0028179568620980183,9.320197901767865e-17,0.21045261270713525,138783.33593507434,2000000.0,354.2597230265834
