,k1,k2,kdam,phi,Sh,P0,N0,H0
0,1.7661238886482103e-06,0.7853657428981579,0.002846500502699578,2.7994222598442226e-12,370.9433637922736,110233.95630401463,31596242.190152574,143.37433772385373
