,k1,k2,kdam,phi,Sh,P0,N0,H0
0,2e-06,0.6,0.002890358201104951,5.657949364766579e-11,2.0,153255.3575030318,2000000.0,385.13183482579205
