,k1,k2,kdam,phi,Sh,P0,N0,H0
0,2e-06,0.6,0.0030412122390027574,9.521488780685328e-11,2.0,190775.61083462558,2000000.0,366.29859056660973
