,k1,k2,kdam,phi,P0,N0,H0
0,2e-06,0.6,0.0032064909351425938,3.8804150828033255e-10,174054.62734015397,2000000.0,356.79478246926413
