,k1,k2,kdam,phi,P0,N0,H0
0,2e-06,0.6,0.0028151754169574066,1.2691418998572458e-09,374592.9629177289,2000000.0,380.16885938617287
