,k1,k2,kdam,phi,P0,N0,H0
0,2e-06,0.6,0.0027999319481331005,1.9405068506833523e-09,368270.214447826,2000000.0,377.28084067104163
