,k1,k2,kdam,phi,Sh,P0,N0,H0
0,2e-06,0.6,0.0054117666989979656,5.37614846900781e-19,1.3761900693513512e-08,281888.7269429326,20000000.0,329.74631317537563
