,k1,k2,kdam,phi,Sh,P0,N0,H0
0,2e-06,0.6,0.004763594034157976,5.749992170142444e-16,0.03498641030917884,1033046.4480633736,20000000.0,315.5504656769645
