,k1,k2,kdam,phi,Sh,P0,N0,H0
0,2e-06,0.6,0.00534599634776956,5.508696990491309e-10,2.9938002500141472e-05,2259716.065138789,20000000.0,343.45800590925313
