,k1,k2,kdam,phi,Sh,P0,N0,H0
0,2e-06,0.22739172684173284,0.0028106062242535964,1.4259400557442986e-08,8.088970613736409e-07,854902.2021776333,20000000.0,342.11448892498254
