,k1,k2,kdam,phi,Sh,P0,N0,H0
0,2e-06,0.6,0.005742709538792106,2.217777136601977e-19,0.00018823867221485073,451581.06887535047,20000000.0,339.991092518845
