,k1,k2,kdam,phi,Sh,P0,N0,H0
0,2e-06,0.6,0.005624854882638082,1.2836902802602289e-08,1.3979363203983464e-09,415718.2907811709,20000000.0,357.1667303798015
