,k1,k2,kdam,phi,Sh,P0,N0,H0
0,2e-06,0.6,0.005586599055756585,2.593535451353593e-12,0.2853580263188694,949146.3021748964,20000000.0,325.98335368419674
