,k1,k2,kdam,phi,Sh,P0,N0,H0
0,2e-06,0.6,0.004593974748842249,2.1082866948670358e-11,0.00191961749283519,841155.8086935274,20000000.0,323.01426830054464
