,k1,k2,kdam,phi,Sh,P0,N0,H0
0,2e-06,0.6,0.0031215475212445468,3.9471349400615846e-15,0.10560750776086342,189373.82097986565,20000000.0,389.49936281885823
