,k1,k2,kdam,phi,Sh,P0,N0,H0
0,2e-06,0.6,0.004798513783215302,2.6791865153461807e-10,1.0096510432912125e-09,438909.8095133955,20000000.0,391.5031366791501
