,k1,k2,kdam,phi,Sh,P0,N0,H0
0,2e-06,0.6,0.005380865955752079,5.3562556381954716e-08,4.506652564754351e-12,406627.62149744807,20000000.0,375.9404383533891
