,k1,k2,kdam,phi,Sh,P0,N0,H0
0,2e-06,0.2412417185846718,0.004878483915857301,3.705620866064136e-12,2.2190270151109105e-13,569586.9888502805,20000000.0,332.68265304077187
