,k1,k2,kdam,phi,Sh,P0,N0,H0
0,2e-06,0.6,0.005630620088398406,1.5395393689898341e-21,0.00014030788258486977,580979.6707606972,20000000.0,345.7781276399628
