,k1,k2,kdam,phi,Sh,P0,N0,H0
0,2e-06,0.6,0.005463304129208967,1.1478658824243184e-19,0.0012795266622122063,461799.57558062754,20000000.0,360.3517274198343
