,k1,k2,kdam,phi,Sh,P0,N0,H0
0,200000.0,0.2485353884073649,4.580438370206116e-07,2.510858482449115e-07,3.675735147680672e+29,338458.0594012962,20000000.0,84.0741596496892
