,k1,k2,kdam,phi,Sh,P0,N0,H0
0,2e-06,0.6,0.004213042117491644,4.6705025988880945e-11,0.0024323306793982077,417422.2132255113,20000000.0,342.6269054226034
