,k1,k2,kdam,phi,Sh,P0,N0,H0
0,2e-06,0.6,0.0029572428482143036,3.264184268794775e-12,328.0703065080629,128542.89180275424,20000000.0,171.2727667967567
