,k1,k2,kdam,phi,Sh,P0,N0,H0
0,2e-06,0.2485353884073649,0.004346488784743216,8.152673349029481e-08,6.683388240440814e-06,482779.4930990556,20000000.0,410.1691097048138
