,k1,k2,kdam,phi,Sh,P0,N0,H0
0,2e-06,0.6,0.00512629064049772,1.8683073287041298e-15,0.04196192505383412,1250984.8739160423,20000000.0,323.52747507321146
