,k1,k2,kdam,phi,Sh,P0,N0,H0
0,2e-06,0.6,0.0034463752921770514,9.283073177872194e-11,0.005390401795507521,391022.16516079195,20000000.0,330.1903208391104
