,k1,k2,kdam,phi,Sh,P0,N0,H0
0,2e-06,0.6,0.0053781254132118,3.7495904689587535e-07,3.179763917057154e-11,342576.95854315936,20000000.0,355.48201994458753
