,k1,k2,kdam,phi,Sh,P0,N0,H0
0,2e-06,0.1150087286298564,0.003093837668858796,2.9426705126453787e-09,0.00039406537147118934,753083.458815847,20000000.0,325.1121439793504
