,k1,k2,kdam,phi,Sh,S0,N0,H0
0,2e-05,0.6,0.0013262024191575334,1.600976653255092e-06,462574955706481.9,61194.883110415794,20000000.0,288.3228022436832
