organism,strain,Vol_num,k2,k1,kdam,phi,rho,Sh,deltah,H0,N0,P0
Synechococcus,WH8102,44,0.8,0.00001,1.80E-03,8.50E-07,0.2,6,0.2,80,50000,10000
Synechococcus,WH7803,28,0.8,0.00001,3.00E-04,1.10E-06,0.2,6,0.2,80,50000,10000
Synechococcus,WH7803,52,0.8,0.00001,3.00E-04,1.10E-06,0.2,6,0.2,80,50000,10000
Synechococcus,CC9605,53,0.8,0.00001,0.0009,7.00E-07,0.2,6,0.2,80,50000,10000