,k1,k2,kdam,phi,Sh,S0,N0,H0
0,2e-05,0.3845948647983293,1.291476638902136e-08,1.2725338246393809e-06,54640373.613726415,38778.82666720271,20000000.0,369.21340725867014
