,k1,k2,kdam,phi,Sh,S0,N0,H0
0,2e-05,0.2878191061333119,1.0893033827283867e-05,2.162767417569451e-06,146204861551930.62,71785.56809501632,20000000.0,462.91737154017716
