,k1,k2,kdam,phi,Sh,S0,N0,H0
0,2e-05,0.2778726511353791,8.92516008089867e-11,1.8559234359479877e-06,77071864545.65166,76588.15008631654,20000000.0,442.4833992432256
