,k1,k2,kdam,phi,Sh,S0,N0,H0
0,2e-05,0.3445268620003525,1.3637968942003468e-08,1.4115822558444883e-06,13951728031367.467,71448.6608579813,20000000.0,335.613083103283
