,k1,k2,kdam,phi,Sh,S0,N0,H0
0,2e-05,0.6,0.0009138249172796839,1.8865196866189597e-06,1626880431697108.8,67317.3297735422,20000000.0,472.5767940779098
