,k1,k2,kdam,phi,Sh,S0,N0,H0
0,2e-05,0.6,0.0015050723768095656,1.9477784978630267e-06,2377923307187984.5,84371.35000856874,20000000.0,372.5075379927215
