,k1,k2,kdam,phi,Sh,S0,N0,H0
0,2e-05,0.28658135512714306,3.488967685801528e-05,1.674457208729453e-06,1.0883606534989923e+24,63497.49727952908,20000000.0,84.89355804836222
