,k1,k2,kdam,phi,Sh,S0,N0,H0
0,2e-05,0.30135110657697084,6.053874185237698e-06,1.286390992003437e-06,8.22270984937589e+22,81647.07961129221,20000000.0,77.0162585036053
