,k1,k2,kdam,phi,Sh,S0,N0,H0
0,2e-05,0.6,0.001100218789302229,1.2239761844919996e-06,5236972967.2012205,90388.96901370173,20000000.0,368.0934734376125
