,k1,k2,kdam,phi,Sh,S0,N0,H0
0,2e-05,0.6,0.0013875924854213518,1.263726136620035e-06,3697199715.8046517,84042.24827295919,20000000.0,288.252119685894
