,k1,k2,kdam,phi,Sh,S0,N0,H0
0,2e-05,0.3269948966641579,8.269991548562095e-06,1.3276589095602512e-06,234960.43860468612,90085.81144484719,20000000.0,337.80721078764765
