,k1,k2,kdam,phi,Sh,S0,N0,H0
0,2e-05,0.3845948647983293,1.7722415157087293e-07,1.1546576821900528e-06,106213036.56417707,36016.8703084715,20000000.0,76.7837425372892
