,k1,k2,kdam,phi,Sh,S0,N0,H0
0,2e-05,0.3445268620003525,3.879034563834993e-06,1.3479146239662052e-06,203573.48438835284,56830.974382769855,20000000.0,74.40408777482462
