,k1,k2,kdam,phi,Sh,S0,N0,H0
0,2e-05,0.6,0.0023406002979725247,2.1514596532050245e-06,3194724393.629537,62702.384646910985,20000000.0,376.50783303964465
