,k1,k2,kdam,phi,Sh,S0,N0,H0
0,2e-05,0.3013511065769708,4.96246294665243e-07,1.414821778474511e-06,4.440565381524336e+16,97359.64257246508,20000000.0,320.77191978370735
