,k1,k2,kdam,phi,Sh,S0,N0,H0
0,2e-05,0.6,0.000765776404716078,1.4237566587951244e-06,202980529189.6167,36813.02990658277,20000000.0,360.63733388146915
