,k1,k2,kdam,phi,Sh,S0,N0,H0
0,2e-05,0.3230775033963407,1.087209786835691e-06,1.422384036295696e-06,184412824.83888316,39756.72098569791,20000000.0,412.24127982828384
