,k1,k2,kdam,phi,Sh,S0,N0,H0
0,2e-05,0.6,0.0005601751456598304,1.4458294046236402e-06,149485167852.77057,27904.76230737964,20000000.0,371.7136561580633
