,k1,k2,kdam,phi,Sh,S0,N0,H0
0,2e-05,0.6,0.0015655703588177772,1.194559413647202e-06,157700055.94683784,95714.82759875942,20000000.0,274.74712210078235
