,k1,k2,kdam,phi,Sh,S0,N0,H0
0,2e-05,0.6,0.0008576233925560989,1.6996431323810905e-06,71917352082.20267,36169.28250577584,20000000.0,376.5424268205304
