,k1,k2,kdam,phi,Sh,S0,N0,H0
0,2e-05,0.3551275655620778,1.2051758509681504e-08,1.5026383423235177e-06,238.68525266665387,41844.51677938986,20000000.0,395.1390790551437
