,k1,k2,kdam,phi,Sh,S0,N0,H0
0,2e-05,0.6,0.0010778426593188967,1.6420416623331127e-06,774234150789110.5,55967.305496312336,20000000.0,318.2204084229728
