,k1,k2,kdam,phi,Sh,S0,N0,H0
0,2e-05,0.6,0.0006935884591627147,1.3287315191778193e-06,1556373426.8095193,31845.383650521268,20000000.0,344.8732659538422
