,k1,k2,kdam,phi,Sh,S0,N0,H0
0,2e-05,0.286581355127143,9.416407549211719e-08,2.1022623789953847e-06,7.474885468720027e+21,76327.09949717541,20000000.0,566.6714981225339
