,k1,k2,kdam,phi,Sh,S0,N0,H0
0,2e-05,0.6,0.0010607379546376922,1.5379406925518506e-06,22613617217240.87,70809.32199864277,20000000.0,383.16995860301205
