,k1,k2,kdam,phi,Sh,S0,N0,H0
0,2e-05,0.35512756556207786,3.054794371383302e-06,8.882464896528291e-07,2023551554282.5046,42846.75215449691,20000000.0,69.51978291293041
