,k1,k2,kdam,phi,Sh,S0,N0,H0
0,2e-05,0.2778726511353791,1.4563325006459317e-07,2.0059399235618e-06,19198463.292366967,55217.71348700801,20000000.0,84.49741576252488
