time,organism,abundance,log_sigma
0,H,362.8329305,0.766549055
1,H,372.1556013,0.880174433
4,H,380.1547341,0.519442812
6,H,433.2287546,0.768289481
8,H,403.7594789,0.359412556
,,,
,,,
,,,
,,,
,,,
,,,
,,,
,,,
,,,
,,,
,,,
,,,
,,,
,,,
,,,
,,,
,,,
,,,
,,,